Product ID,Variant ID,Product Name,Product Description,Variant Name,Price,Variant SKU,Variant In Stock,Variant Full Stock,Shipping Notes,Tags,Status,Show In Marketplace,Retired On,Image 1,Image 2,Image 3,Image 4,Image 5
32135179,144166270,Hello Kitty Bride,"Hello Kitty and Dear Daniel are having a wedding! üíïüíç

Hello Kitty is holding a shimmery rose bouquet and wears a white rose bow üåπ
Her dress is decorated with pearls - and she wears a tiny pearl necklace and tiara üëë‚ú®  

Dear Daniel wears a sparkly tuxedo filled with holographic glitter - and he's wearing a tiny rose bow ‚ú®üéÄ

Buy Hello Kitty on her own or get her in a set with Daniel (only one Daniel available) üíò

Glazed with UV resin for extra shine and protection ‚ú®

You will receive your charm attached to a silver lobster clasp - please add in the  'note to seller' if you would like me to add a pink bow üòä

Please note:
‚ô° Although polymer clay is durable, please handle my charms with care (they aren't unbreakable!)
‚ô° Avoid placing the charm where it will knock against other items

",N/A,$60.00,,1,1,,"hello kitty,hello kitty and dear daniel,dear daniel,hello kitty wedding,wedding gifts,bride,bride gifts,bridesmaid,wedding,polymer clay charms,polymer clay hello kitty,hello kitty necklace,hello kitty jewelry,clay earrings,handmade charms,kawaii charms",active,TRUE,,//d111vui60acwyt.cloudfront.net/product_photos/89457859/file_b88dc153f4_original.jpg,//d111vui60acwyt.cloudfront.net/product_photos/89457883/file_f6b91c469f_original.jpg,//d111vui60acwyt.cloudfront.net/product_photos/89458696/file_65be3a083c_original.jpg,//dlp2gfjvaz867.cloudfront.net/product_photos/89458693/file_d7a8499f87_original.jpg,//dlp2gfjvaz867.cloudfront.net/product_photos/89457895/file_28d06b8a26_original.jpg
32135179,144166975,N/A,N/A,1,$30.00,,1,1,N/A,N/A,N/A,N/A,,,,,,
32135179,144167047,N/A,N/A,2,$30.00,,1,1,N/A,N/A,N/A,N/A,,,,,,
32135179,144167050,N/A,N/A,3,$30.00,,1,1,N/A,N/A,N/A,N/A,,,,,,
31707292,140173690,Hello Kitty Valentines charms,"Valentine's themed Hello Kitty charms! üåπ‚ù§

Choose from Hello Kitty holding an ""xoxo"" balloon (approx. 1.9 cm tall), Hello Kitty holding a ""LOVE"" heart plushie (approx. 1.7 cm tall), or a chocolate box üç´

Glazed with UV resin for extra shine and protection ‚ú®

You will receive your charm attached to a gold lobster clasp üòä

Please note:
‚ô° Although polymer clay is durable, please handle my charms with care (they aren't unbreakable!)
‚ô° Avoid placing the charm where it will knock against other items
",N/A,$18.00,,1,1,,"sanrio clay charms,sanrio core,baby core,polymer clay cinna,sanrio polymer clay,cinnamoroll charms,cinnamoroll keychain,cute clay charms,kawaii planner accessories,cinnamoroll clay charm,sanrio accessories,kawaii clay charms,cinnamoroll aesthetic,cinna",active,TRUE,,//d2a2wjuuf1c30f.cloudfront.net/product_photos/87804928/file_781ba3dd65_original.jpg,//d3u67r7pp2lrq5.cloudfront.net/product_photos/87804955/file_605e4365cf_original.jpg,//dpegb9ebondhq.cloudfront.net/product_photos/87804925/file_8a66a7eac4_original.jpg,//d2a2wjuuf1c30f.cloudfront.net/product_photos/87804931/file_fd302e99fe_original.jpg,//d3u67r7pp2lrq5.cloudfront.net/product_photos/87804922/file_99a378e135_original.jpg
31707292,140173693,N/A,N/A,"""LOVE"" plush (right)",$18.00,,1,1,N/A,N/A,N/A,N/A,,,,,,
31707292,140173711,N/A,N/A,Chocolate box (middle),$6.00,,1,1,N/A,N/A,N/A,N/A,,,,,,
31707193,140172547,Hello Kitty Rose charms,"Tiny rose themed Hello Kitty charms! üåπ Super dainty ‚ù§

Choose from the three different designs üòäüíñ

Glazed with UV resin for extra shine and protection ‚ú®

Left Hello Kitty: approx. 1.7 cm
Middle Hello Kitty: approx. 1.6 cm
Right Hello Kitty: approx. 1.8 cm

Please note:
‚ô° Although polymer clay is durable, please handle my charms with care (they aren't unbreakable!)
‚ô° Avoid placing the charm where it will knock against other items",N/A,$16.50,,1,1,,"sanrio clay charms,sanrio core,baby core,polymer clay cinna,sanrio polymer clay,cinnamoroll charms,cinnamoroll keychain,cute clay charms,kawaii planner accessories,cinnamoroll clay charm,sanrio accessories,kawaii clay charms,cinnamoroll aesthetic,cinna",active,TRUE,,//d2a2wjuuf1c30f.cloudfront.net/product_photos/87804721/file_466e4457d4_original.jpg,//dzasv7x7a867v.cloudfront.net/product_photos/87804742/file_4bb80209b8_original.jpg,//dpegb9ebondhq.cloudfront.net/product_photos/87804745/file_cf400132d3_original.jpg,//d310a9hpolx59w.cloudfront.net/product_photos/87804748/file_bfb7f4e18e_original.jpg,//dpegb9ebondhq.cloudfront.net/product_photos/87804751/file_c05e54ce57_original.jpg
31707193,140172550,N/A,N/A,Middle,$16.50,,0,1,N/A,N/A,N/A,N/A,,,,,,
31707193,140172553,N/A,N/A,Right,$16.50,,0,1,N/A,N/A,N/A,N/A,,,,,,
31913101,142939822,Little Twin Stars Ballerinas ,"Kiki and Lala are cute ballerinas with sparkly tutus! üíôüíñ‚ú® They wear pretty flower crowns with a magical star! ‚≠ê

Choose from 2 different styles:
‚ô° Lala with her eyes open and pigtails OR Lala with her eyes closed and a bun
‚ô° Kiki with his eyes open OR Kiki with his eyes closed

Glazed with UV resin for extra shine and protection ‚ú®

You will receive your charm attached to a star bead on a silver lobster clasp üòä

Please note:
‚ô° Although polymer clay is durable, please handle my charms with care (they aren't unbreakable!)
‚ô° Avoid placing the charm where it will knock against other items",N/A,$44.00,,1,1,,,active,TRUE,,//d310a9hpolx59w.cloudfront.net/product_photos/88812190/file_0fc1ab45e3_original.jpg,//d1nr5wevwcuzuv.cloudfront.net/product_photos/88812313/file_20d2769c9f_original.jpg,//d2a2wjuuf1c30f.cloudfront.net/product_photos/88812328/file_f15cefdce3_original.jpg,//d310a9hpolx59w.cloudfront.net/product_photos/88812268/file_90548b3c8d_original.jpg,//d1nr5wevwcuzuv.cloudfront.net/product_photos/88812259/file_c6c1154e6f_original.jpg
31913101,142939825,N/A,N/A,Kiki and Lala (eyes closed),$44.00,,1,1,N/A,N/A,N/A,N/A,,,,,,
31712893,140221798,Little Twin Stars Cloud figurine,"A dreamy pastel Little Twin Stars figurine! ‚òÅ‚ú®

Kiki and Lala stand atop a fluffy cloud, decorated with glitter, stars and haintpainted details! ‚≠ê The magical wings are made from UV resin üíï Super pretty!

Behind them is a shimmery crescent moon, topped with a lil crown üëë The mini moon that hangs from it dangles! üåô‚òÅ

The figurine is glazed with UV resin for extra shine and protection ‚ú®

Height: approx. 4.2 cm tall
Length: approx. 6 cm

Please note:
‚ô° Although polymer clay is durable, please handle my creations with care (they aren't unbreakable)! 

Note for Australian buyers: due to this figurine's size and fragility, it will have to be sent as a parcel rather than a letter, which includes tracking ",N/A,$35.00,,1,1,,"sanrio clay charms,sanrio core,baby core,sanrio polymer clay,cute clay charms,kawaii planner accessories,sanrio accessories,kawaii clay charms,cinna,little twin stars,Kiki and Lala,little twin stars keychain,lala and kiki charm,my melody aesthetic",active,TRUE,,//d3u67r7pp2lrq5.cloudfront.net/product_photos/87827032/file_42efddb0f2_original.jpg,//d1nr5wevwcuzuv.cloudfront.net/product_photos/87827083/file_066bc05675_original.jpg,//d111vui60acwyt.cloudfront.net/product_photos/87827074/file_f48a971eb1_original.jpg,//dpegb9ebondhq.cloudfront.net/product_photos/87827119/file_6c079d91a2_original.jpg,//d2a2wjuuf1c30f.cloudfront.net/product_photos/87827071/file_23df06f9a4_original.jpg
31990579,142939606,Lala,Lala on her own! üéÄ‚≠ê,N/A,$22.00,,1,1,,"little twin stars,lts,Kiki and Lala,little twin stars lala,little twin stars accessories,Little Twin Stars Necklace,Little twin stars charms,polymer clay charms,kawaii planner charms,sanrio core,baby sanrio,cute sanrio charms,sanrio necklace,my melody",active,TRUE,,//d111vui60acwyt.cloudfront.net/product_photos/88874212/file_bb54f1b4b8_original.jpg,//dpegb9ebondhq.cloudfront.net/product_photos/88874206/file_0caf82a498_original.jpg,//dlp2gfjvaz867.cloudfront.net/product_photos/88874221/file_a845c8a1e3_original.jpg,//d1nr5wevwcuzuv.cloudfront.net/product_photos/88874209/file_f26fa973e3_original.jpg,//dzasv7x7a867v.cloudfront.net/product_photos/88874227/file_8e59bc0759_original.jpg
31778041,140846047,Sakura Cinna,"Some cute sakura themed Cinnamoroll charms! üå∏

Choose from:
‚ô° Cherry Cinna with hand-painted cherry blossoms on his ears
‚ô° Sakura Cinna with two cutie blossoms on his ears and hand-painted details

Glazed with UV resin for extra shine and protection ‚ú®

You will recieve your charm attached to a pink bow and lobster clasp üòä

Please note:
‚ô° Although polymer clay is durable, please handle my charms with care (they aren't unbreakable!)
‚ô° Avoid placing the charm where it will knock against other items",N/A,$16.50,,1,1,,"sanrio clay charms,sanrio core,baby core,polymer clay cinna,sanrio polymer clay,cinnamoroll charms,cinnamoroll keychain,cute clay charms,kawaii planner accessories,cinnamoroll clay charm,sanrio accessories,kawaii clay charms,cinnamoroll aesthetic,cinna",active,TRUE,,//dzasv7x7a867v.cloudfront.net/product_photos/88104271/file_ac6945cecf_original.jpg,//d1nr5wevwcuzuv.cloudfront.net/product_photos/88104289/file_ce7c4c4047_original.jpg,//d1nr5wevwcuzuv.cloudfront.net/product_photos/88104280/file_a7513df410_original.jpg,//d111vui60acwyt.cloudfront.net/product_photos/88104274/file_9333b6cc48_original.jpg,//d2a2wjuuf1c30f.cloudfront.net/product_photos/88104295/file_994c0cfa86_original.jpg
31778041,140846050,N/A,N/A,Cherry Blossoms (left),$16.50,,1,1,N/A,N/A,N/A,N/A,,,,,,
31778071,140796574,Star Cinna,"A sweet little Cinna holding a magical star! ‚≠ê Cinna's eyes feature hand-painted details ‚òÅ

Glazed with UV resin for extra shine and protection ‚ú®

Please note:
‚ô° Although polymer clay is durable, please handle my charms with care (they aren't unbreakable!)
‚ô° Avoid placing the charm where it will knock against other items",N/A,$16.50,,1,1,,"sanrio clay charms,sanrio core,baby core,polymer clay cinna,sanrio polymer clay,cinnamoroll charms,cinnamoroll keychain,cute clay charms,kawaii planner accessories,cinnamoroll clay charm,sanrio accessories,kawaii clay charms,cinnamoroll aesthetic,cinna",active,TRUE,,//d310a9hpolx59w.cloudfront.net/product_photos/88104175/file_05dfd585f3_original.jpg,//dzasv7x7a867v.cloudfront.net/product_photos/88104178/file_9b67b5b6bd_original.jpg,//d111vui60acwyt.cloudfront.net/product_photos/88104190/file_bf96274bdb_original.jpg,//d1nr5wevwcuzuv.cloudfront.net/product_photos/88104199/file_c1ceaac02e_original.jpg,//d310a9hpolx59w.cloudfront.net/product_photos/88104217/file_c02691a5c0_original.jpg
31707010,140170060,Cinnamoroll Angel charms,"A cute Cinnamoroll angel charm with shimmery pearl wings! üëºüçº

Choose between Cinna with a wand or Sleeping Cinna holding a magical star ‚≠ê ‚òÅ

Glazed with UV resin for extra shine and protection ‚ú®

Cinna with wand: approx. 2 cm
Sleeping Cinna: approx. 1.7 cm

You will receive your charm attached to a gold lobster clasp üòä

Please note:
‚ô° Although polymer clay is durable, please handle my charms with care (they aren't unbreakable!)
‚ô° Avoid placing the charm where it will knock against other items",N/A,$16.50,,1,2,,"sanrio clay charms,sanrio core,baby core,polymer clay cinna,sanrio polymer clay,cinnamoroll charms,cinnamoroll keychain,cute clay charms,kawaii planner accessories,cinnamoroll clay charm,sanrio accessories,kawaii clay charms,cinnamoroll aesthetic,cinna",active,TRUE,,//d2a2wjuuf1c30f.cloudfront.net/product_photos/87803668/file_15d84e352d_original.jpg,//dlp2gfjvaz867.cloudfront.net/product_photos/87803671/file_61507c8207_original.jpg,//d2a2wjuuf1c30f.cloudfront.net/product_photos/88122247/file_188a607ed1_original.jpg,//d1nr5wevwcuzuv.cloudfront.net/product_photos/87803674/file_0dcc3e5324_original.jpg,//d310a9hpolx59w.cloudfront.net/product_photos/87803677/file_a7872866ed_original.jpg
31707010,140170063,N/A,N/A,Sleeping Cinna,$16.50,,1,1,N/A,N/A,N/A,N/A,,,,,,
31707211,140172565,Pastel Kuromi,"A cute simple Kuromi charm! üíúüíÄ

Glazed with UV resin for extra shine and protection ‚ú®

Approx. 2.4 cm tall

Please note:
‚ô° Although polymer clay is durable, please handle my charms with care (they aren't unbreakable!)
‚ô° Avoid placing the charm where it will knock against other items",N/A,$13.00,,1,1,,"sanrio clay charms,sanrio core,baby core,sanrio polymer clay,cute clay charms,kawaii planner accessories,sanrio accessories,kawaii clay charms,polymer clay kuromi,kuromi charms,kuromi keychain,kuromi necklace,kuromi choker,kuromi clay charms",active,TRUE,,//d3u67r7pp2lrq5.cloudfront.net/product_photos/87804787/file_f935a58be7_original.jpg,//d111vui60acwyt.cloudfront.net/product_photos/87804796/file_2d611444a9_original.jpg,//d111vui60acwyt.cloudfront.net/product_photos/87804808/file_6962ee5d9a_original.jpg,//dlp2gfjvaz867.cloudfront.net/product_photos/87804811/file_fd14b03560_original.jpg,//dpegb9ebondhq.cloudfront.net/product_photos/87804814/file_2ea74ba103_original.jpg
31863814,142032916,Nurse Melody and Kuromi,"Nurse Melody and Kuromi are here to look after you! üë©‚Äç‚öïÔ∏èüè•üíï Inspired by the cute plushies üéÄ

These pastel cuties are holding tiny sharp needles - just make sure they don't stab you! ü§≠üíâ

Each charm comes attached to a silver lobster clasp - please message me if you'd like me to add a pink bow or star bead! üòäüéÄ

Glazed with UV resin for extra shine and protection ‚ú®

Please note:
‚ô° Although polymer clay is durable, please handle my charms with care (they aren't unbreakable!)
‚ô° Avoid placing the charm where it will knock against other items",N/A,$22.00,,0,1,,"sanrio clay charms,sanrio core,baby core,polymer clay cinna,sanrio polymer clay,cinnamoroll charms,cinnamoroll keychain,cute clay charms,kawaii planner accessories,cinnamoroll clay charm,sanrio accessories,kawaii clay charms,cinnamoroll aesthetic,cinna",active,TRUE,,//d2a2wjuuf1c30f.cloudfront.net/product_photos/88395712/file_b39aaa6684_original.jpg,//dpegb9ebondhq.cloudfront.net/product_photos/88407796/file_890915e445_original.jpg,//d310a9hpolx59w.cloudfront.net/product_photos/88407625/file_13892db7b8_original.jpg,//d2a2wjuuf1c30f.cloudfront.net/product_photos/88407808/file_d548888f42_original.jpg,//dpegb9ebondhq.cloudfront.net/product_photos/88407751/file_04bc2d69bb_original.jpg
31863814,142032919,N/A,N/A,"Melody "":o"" face",$22.00,,0,1,N/A,N/A,N/A,N/A,,,,,,
31863814,142032922,N/A,N/A,"Kuromi "":)"" face",$22.00,,0,1,N/A,N/A,N/A,N/A,,,,,,
31863814,142032925,N/A,N/A,"Kuromi "":o"" face",$22.00,,1,1,N/A,N/A,N/A,N/A,,,,,,
31705129,140168194,Xbox controller charms,"Glittery Sanrio & San-X Xbox controller charms! ‚ú®

Choose from:
‚ô° A pink glittery controller with My Melody and Kuromi üíñ
‚ô° A cloudy blue Cinnamoroll controller with hand painted clouds and stars ‚òÅ
‚ô° A glittery green controller with Keroppi and Teru Teru üíö
‚ô° A pink sakura controller with Rilakkuma and Korilakkuma üå∏
‚ô° (Little Twin stars on a seperate listing)

Decorated with iridescent glitter on the back which looks very pretty in the sunlight - check out my instagram (@Pinkstarcharms) to see a video! üòä‚ú®

Glazed with UV resin for extra shine and protection & comes attached to a gold lobster clasp 

Height: approx. 2.3 cm

Please note:
‚ô° Although polymer clay is durable, please handle my charms with care (they aren't unbreakable!)
‚ô° Avoid placing the charm where it will knock against other items",N/A,$18.00,,0,1,,"Sanrio charms,sanrio core,sanrio baby,baby core,xbox charms,polymer clay xbox,xbox controllers,Gifts for Gamer Girls,gamer girl,keroppi,kuromi,polymer clay sanrio,sanrio clay charms,cute clay charms,my melody charms,hello kitty,san x,rilakkuma charms",active,TRUE,,//dlp2gfjvaz867.cloudfront.net/product_photos/87795157/file_58a5a8f742_original.jpg,//d1nr5wevwcuzuv.cloudfront.net/product_photos/87795160/file_59039f8fd6_original.jpg,//dpegb9ebondhq.cloudfront.net/product_photos/87795163/file_a6b298dd68_original.jpg,//d1nr5wevwcuzuv.cloudfront.net/product_photos/87795154/file_5b5575ff1f_original.jpg,//d3u67r7pp2lrq5.cloudfront.net/product_photos/87795151/file_3ce66965e3_original.jpg
31705129,140168197,N/A,N/A,Cinnamoroll & Mocha,$18.00,,0,1,N/A,N/A,N/A,N/A,,,,,,
31705129,140168200,N/A,N/A,Keroppi & Teru Teru,$18.00,,1,1,N/A,N/A,N/A,N/A,,,,,,
31705129,140168203,N/A,N/A,Rilakkuma & Korilakkuma,$18.00,,0,1,N/A,N/A,N/A,N/A,,,,,,
31707097,140171056,Sanrio icecream charms,"Cute Sanrio ice cream charms! üç¶

Choose from:
‚ô° Cinnamoroll
‚ô° My Melody
‚ô° My Melody with bow
‚ô° Hello Kitty
‚ô° Keroppi

The ice cream is glazed with UV resin while the cones are kept matte ‚ú®

You will receive your charm attached to a lobster clasp üòä

Approx. 3 cm tall

Please note:
‚ô° Although polymer clay is durable, please handle my charms with care (they aren't unbreakable!)
‚ô° Avoid placing the charm where it will knock against other items",N/A,$10.00,,2,3,,"sanrio clay charms,sanrio core,baby core,polymer clay cinna,sanrio polymer clay,cinnamoroll charms,cinnamoroll keychain,cute clay charms,kawaii planner accessories,cinnamoroll clay charm,sanrio accessories,kawaii clay charms,cinnamoroll aesthetic,cinna",active,TRUE,,//d2a2wjuuf1c30f.cloudfront.net/product_photos/87804109/file_843ab9f5ef_original.jpg,//d111vui60acwyt.cloudfront.net/product_photos/87804112/file_3405d871f6_original.jpg,//d2a2wjuuf1c30f.cloudfront.net/product_photos/87804115/file_d664956eb2_original.jpg,//d1nr5wevwcuzuv.cloudfront.net/product_photos/87804121/file_82d86b75e1_original.jpg,//dpegb9ebondhq.cloudfront.net/product_photos/87804127/file_30ee411bda_original.jpg
31707097,140171059,N/A,N/A,My Melody,$10.00,,2,2,N/A,N/A,N/A,N/A,,,,,,
31707097,140171062,N/A,N/A,My Melody with bow,$10.00,,0,1,N/A,N/A,N/A,N/A,,,,,,
31707097,140171065,N/A,N/A,Hello Kitty,$10.00,,2,2,N/A,N/A,N/A,N/A,,,,,,
31707097,140171071,N/A,N/A,Keroppi,$10.00,,2,2,N/A,N/A,N/A,N/A,,,,,,
32039935,143308744,Tiny Luna,"A cute tiny Luna charm! üíúüåô

She's very small at 1.1 cm (not including eye pin) üòäüíï

You will receive her attached to a silver lobster clasp


Glazed with UV resin for extra shine and protection ‚ú®

Please note:
‚ô° Although polymer clay is durable, please handle my charms with care (they aren't unbreakable!)
‚ô° Avoid placing the charm where it will knock against other items",N/A,$8.00,,1,1,,"Sanrio charms,sanrio core,baby core,polymer clay my melody,sailor moon charms,my melody charms,sailor moon,cute clay charms,sailor moon my melody,my melody necklace,sanrio accessories,Sailor Moon Necklace,sanrio choker,usagi clay charms",active,TRUE,,//d310a9hpolx59w.cloudfront.net/product_photos/89052874/file_d169a5201a_original.jpg,//d1nr5wevwcuzuv.cloudfront.net/product_photos/89052868/file_0084748b52_original.jpg,//d3u67r7pp2lrq5.cloudfront.net/product_photos/89052871/file_fe311d8d1b_original.jpg,//dlp2gfjvaz867.cloudfront.net/product_photos/89052865/file_45444d9d3f_original.jpg,
31704973,140145175,Sailor Moon Luna charms,"Magical Luna the cat charms! üåô

Luna has shimmery, 3D eyes and is glazed with UV resin for extra shine and protection ‚ú®

Comes attached to a red bow and gold lobster clasp üòä

Approx. 3 cm

Please note:
‚ô° Although polymer clay is durable, please handle my charms with care (they aren't unbreakable!)
‚ô° Avoid placing the charm where it will knock against other items",N/A,$20.50,,1,2,,"Sailor Moon Luna,sailor moon,Sailor Moon clay,Sailor Moon polymer clay,sailor moon luna charm,sailor moon charms,polymer clay sailor moon,usagi tsukino charms,Sailor Moon Keychain,kawaii planner charms,polymer clay cat charm,cute clay charms,luna charm",active,TRUE,,//dlp2gfjvaz867.cloudfront.net/product_photos/87794734/file_c99b198b40_original.jpg,//d2a2wjuuf1c30f.cloudfront.net/product_photos/87794584/file_ce89caab10_original.jpg,//d111vui60acwyt.cloudfront.net/product_photos/87794575/file_108917d00f_original.jpg,//d1nr5wevwcuzuv.cloudfront.net/product_photos/87794725/file_a0612ad3d2_original.jpg,//d1nr5wevwcuzuv.cloudfront.net/product_photos/87794728/file_879061e615_original.jpg
31674352,139909291,Korilakkuma Strawberry Bunny,"A cute Korilakkuma in a frilly bunny outfit! üçìüçº

Glazed with UV resin for extra shine and protection ‚ú®

You will receive your charm attached to a silver lobster clasp üòä

Approx. 2.4 cm tall

Please note:
‚ô° Although polymer clay is durable, please handle my charms with care (they aren't unbreakable!)
‚ô° Avoid placing the charm where it will knock against other items",N/A,$16.50,,1,1,,"korilakkuma,rilakkuma,Rilakkuma clay charms,Rilakkuma polymer clay,korilakkuma keychain,Rilakumma resin art,handmade polymer clay charms,cute clay charms,kawaii charms,kawaii planner accessories,rilakumma planner charm,kawaii stitch marker,rilakkuma charm",active,TRUE,,//dlp2gfjvaz867.cloudfront.net/product_photos/87684424/file_71bb966fec_original.jpg,//dzasv7x7a867v.cloudfront.net/product_photos/87684466/file_15b4d03f2b_original.jpg,//dpegb9ebondhq.cloudfront.net/product_photos/87684472/file_b89796249b_original.jpg,//d111vui60acwyt.cloudfront.net/product_photos/87684490/file_e4d7518828_original.jpg,
31706977,140168881,Rilakkuma Strawberry Blossom,"Rilakkuma and Korilakkuma are wearing cute strawberry hoodies with shimmery leaves! üçìüçÉ

Glazed with UV resin for extra shine and protection ‚ú®

Please select between Rilakkuma and Korilakkuma üêª

You will receive your charm attached to a gold lobster clasp üòä

Approx. 2.2 cm tall

Please note:
‚ô° Although polymer clay is durable, please handle my charms with care (they aren't unbreakable!)
‚ô° Avoid placing the charm where it will knock against other items",N/A,$16.50,,1,1,,"korilakkuma,rilakkuma,Rilakkuma clay charms,Rilakkuma polymer clay,korilakkuma keychain,Rilakumma resin art,handmade polymer clay charms,cute clay charms,kawaii charms,kawaii planner accessories,rilakumma planner charm,kawaii stitch marker,rilakkuma charm",active,TRUE,,//dpegb9ebondhq.cloudfront.net/product_photos/87803446/file_2c0f8827ea_original.jpg,//d1nr5wevwcuzuv.cloudfront.net/product_photos/87803437/file_1834403513_original.jpg,//d2a2wjuuf1c30f.cloudfront.net/product_photos/87803440/file_b17563f0ef_original.jpg,//d111vui60acwyt.cloudfront.net/product_photos/87803488/file_cd732b918e_original.jpg,//d111vui60acwyt.cloudfront.net/product_photos/87803434/file_65346e80cd_original.jpg
31706977,140168884,N/A,N/A,Korilakkuma,$16.50,,1,1,N/A,N/A,N/A,N/A,,,,,,
31678126,139943188,Rilakkuma Peach Blossom,"A cute Rilakkuma wearing a peach hoodie!
Decorated with pink cherry blossoms üå∏

Glazed with UV resin for extra shine and protection ‚ú®

You will receive one of the two charms pictured, attached to a gold bow and lobster clasp üòä

Please note:
‚ô° Although polymer clay is durable, please handle my charms with care (they aren't unbreakable!)
‚ô° Avoid placing the charm where it will knock against other items",N/A,$16.50,,1,2,,"korilakkuma,rilakkuma,Rilakkuma clay charms,Rilakkuma polymer clay,korilakkuma keychain,Rilakumma resin art,handmade polymer clay charms,cute clay charms,kawaii charms,kawaii planner accessories,rilakumma planner charm,kawaii stitch marker,rilakkuma charm",active,TRUE,,//d3u67r7pp2lrq5.cloudfront.net/product_photos/87705841/file_e93c7fba25_original.jpg,//d310a9hpolx59w.cloudfront.net/product_photos/87705826/file_b42d650564_original.jpg,//dlp2gfjvaz867.cloudfront.net/product_photos/87705832/file_213f5ed22a_original.jpg,//d111vui60acwyt.cloudfront.net/product_photos/87705853/file_8324e69735_original.jpg,//d111vui60acwyt.cloudfront.net/product_photos/87705835/file_d3c35589c1_original.jpg
31707061,140170888,Rilakkuma Sakura Xbox controllers,"A pastel sakura Xbox controller with Rilakkuma and Korilakkuma! üêªüå∏

Choose from:
‚ô° Rilakkuma and Korilakkuma 
‚ô° Korilakkuma
‚ô° Korilakkuma head

Decorated with iridescent glitter on the back which looks super pretty in the sunlight! ‚òÄüíñ

Glazed with UV resin for extra shine and protection ‚ú®

You will receive your charm attached to a gold lobster clasp üòä

Approx. 2.4 cm tall

Please note:
‚ô° Although polymer clay is durable, please handle my charms with care (they aren't unbreakable!)
‚ô° Avoid placing the charm where it will knock against other items",N/A,$16.50,,2,3,,"korilakkuma,rilakkuma,Rilakkuma clay charms,Rilakkuma polymer clay,korilakkuma keychain,Rilakumma resin art,handmade polymer clay charms,cute clay charms,kawaii charms,kawaii planner accessories,rilakumma planner charm,kawaii stitch marker,rilakkuma charm",active,TRUE,,//d310a9hpolx59w.cloudfront.net/product_photos/87803929/file_72ca84ec94_original.jpg,//dzasv7x7a867v.cloudfront.net/product_photos/87803950/file_0f1eb25097_original.jpg,//dpegb9ebondhq.cloudfront.net/product_photos/87803917/file_154b3fc5e8_original.jpg,//dpegb9ebondhq.cloudfront.net/product_photos/87803920/file_788e744016_original.jpg,//dzasv7x7a867v.cloudfront.net/product_photos/87803923/file_ad9a17e539_original.jpg
31707061,140170891,N/A,N/A,Korilakkuma head,$16.50,,1,1,N/A,N/A,N/A,N/A,,,,,,
31707061,142156306,N/A,N/A,Rilakkuma and Korilakkuma,$18.00,,1,1,N/A,N/A,N/A,N/A,,,,,,
31707007,140169757,Rilakkuma burger set,"Rilakkuma burger charm set! üçî

Includes Rilakkuma inside and burger and a Rilakkuma waffle sandwich ü•™ (the drink is NOT included) ‚ù§

Glazed with UV resin for extra shine and protection ‚ú®

You will receive your charms attached to a gold lobster clasp üòä

Burger: approx. 2.8 cm tall
Waffle: approx. 1.4 cm tall

Please note:
‚ô° Although polymer clay is durable, please handle my charms with care (they aren't unbreakable!)
‚ô° Avoid placing the charm where it will knock against other items
",N/A,$21.50,,1,1,,"korilakkuma,rilakkuma,Rilakkuma clay charms,Rilakkuma polymer clay,korilakkuma keychain,Rilakumma resin art,handmade polymer clay charms,cute clay charms,kawaii charms,kawaii planner accessories,rilakumma planner charm,kawaii stitch marker,rilakkuma charm",active,TRUE,,//dpegb9ebondhq.cloudfront.net/product_photos/87803590/file_0c5315e6ea_original.jpg,//d310a9hpolx59w.cloudfront.net/product_photos/87803593/file_5b2d63dddd_original.jpg,//dpegb9ebondhq.cloudfront.net/product_photos/87803596/file_7fd8e98bd5_original.jpg,//d111vui60acwyt.cloudfront.net/product_photos/87803599/file_fde4008da4_original.jpg,//d2a2wjuuf1c30f.cloudfront.net/product_photos/87803602/file_67c416e261_original.jpg
31706932,140168341,Peachy earrings,"Cute pastel Animal Crossing inspired peach earrings! üçë

Choose between earrings or a single peach charm üíñ

Glazed with UV resin for extra shine and protection! ‚ú®",N/A,$8.00,,1,1,,"animal crossing charms,Animal Crossing,polymer clay animal crossing,ACNH charms,animal crossing polymer clay,cute clay charms,kawaii planner accessories,kawaii clay charms,polymer clay charms,animal crossing peach,peach earrings,peach aesthetic",active,TRUE,,//dpegb9ebondhq.cloudfront.net/product_photos/87803317/file_53b7def703_original.jpg,//dpegb9ebondhq.cloudfront.net/product_photos/87803335/file_6ec5c8f6c5_original.jpg,//d310a9hpolx59w.cloudfront.net/product_photos/87803320/file_3dfd09eb76_original.jpg,//d1nr5wevwcuzuv.cloudfront.net/product_photos/87803323/file_f14b5f45cd_original.jpg,//dlp2gfjvaz867.cloudfront.net/product_photos/87803326/file_8a25cd09cd_original.jpg
31706932,140168380,N/A,N/A,Bows,$16.50,,1,1,N/A,N/A,N/A,N/A,,,,,,
31706932,140168455,N/A,N/A,No bows (see last pic),$16.50,,1,1,N/A,N/A,N/A,N/A,,,,,,
31705069,140145643,Marina cupcake charm,"Cute pastel Marina cupcake charms! üßÅ

Glazed with UV resin for extra shine and protection ‚ú®

Comes attached to a silver lobster clasp üòä

Approx. 1.8 cm

Please note:
‚ô° Although polymer clay is durable, please handle my charms with care (they aren't unbreakable!)
‚ô° Avoid placing the charm where it will knock against other items",N/A,$12.50,,2,2,,"animal crossing charms,Animal Crossing,polymer clay animal crossing,ACNH charms,animal crossing polymer clay,cute clay charms,kawaii planner accessories,kawaii clay charms,polymer clay charms,animal crossing Marina charm,ACNH Marina art,clay charms,kawaii",active,TRUE,,//d111vui60acwyt.cloudfront.net/product_photos/87794908/file_f54d44290f_original.jpg,//d111vui60acwyt.cloudfront.net/product_photos/87794911/file_29bf10aeee_original.jpg,//dpegb9ebondhq.cloudfront.net/product_photos/87794914/file_4e052428bb_original.jpg,//d2a2wjuuf1c30f.cloudfront.net/product_photos/87794899/file_6661f99f79_original.jpg,//d2a2wjuuf1c30f.cloudfront.net/product_photos/87794932/file_e05ba39eef_original.jpg
31707046,140170156,Maple Honey Jar,"A cute Maple hanging on to a honey jar! üêªüçØ

Maple's eyes and bow have been glazed with UV resin, while the rest of her is kept matte for a softer look ‚òÅ

Approx. 3 cm tall

Please note:
‚ô° Although polymer clay is durable, please handle my charms with care (they aren't unbreakable!)
‚ô° Avoid placing the charm where it will knock against other items",N/A,$20.50,,1,1,,"animal crossing charms,Animal Crossing,polymer clay animal crossing,ACNH charms,animal crossing polymer clay,cute clay charms,kawaii planner accessories,kawaii clay charms,polymer clay charms,animal crossing flurry charm,ACNH flurry art,clay charms,kawaii",active,TRUE,,//d1nr5wevwcuzuv.cloudfront.net/product_photos/87803830/file_518634a822_original.jpg,//dlp2gfjvaz867.cloudfront.net/product_photos/87803833/file_f7ef90a55c_original.jpg,//d111vui60acwyt.cloudfront.net/product_photos/87803836/file_ed5f96a888_original.jpg,//d111vui60acwyt.cloudfront.net/product_photos/87803845/file_d7fb931282_original.jpg,//d1nr5wevwcuzuv.cloudfront.net/product_photos/87803839/file_d289e2782a_original.jpg
31707031,140170078,Baby Maple charm,"This baby Maple wants to be adopted ü•∫üçº

Maple is holding a peach and wears a cute bow! üéÄ

Glazed with UV resin for extra shine and protection ‚ú®

You will receive one of the three charms pictured, attached to a gold lobster clasp üòä 

Approx. 2.4 cm tall

Please note:
‚ô° Although polymer clay is durable, please handle my charms with care (they aren't unbreakable!)
‚ô° Avoid placing the charm where it will knock against other items

",N/A,$16.50,,3,3,,"animal crossing charms,Animal Crossing,polymer clay animal crossing,ACNH charms,animal crossing polymer clay,cute clay charms,kawaii planner accessories,kawaii clay charms,polymer clay charms,animal crossing Maple charm,ACNH Maple art,clay charms,kawaii",active,TRUE,,//dpegb9ebondhq.cloudfront.net/product_photos/87803752/file_eb0c835a69_original.jpg,//d1nr5wevwcuzuv.cloudfront.net/product_photos/87803731/file_2d01e20f6f_original.jpg,//dpegb9ebondhq.cloudfront.net/product_photos/87803734/file_60c796ce65_original.jpg,//dzasv7x7a867v.cloudfront.net/product_photos/87803725/file_701cd9a2e5_original.jpg,//dpegb9ebondhq.cloudfront.net/product_photos/87803728/file_9c0e09a4b9_original.jpg
31565941,139138732,Flurry charm,"A cute mini Flurry charm from Animal Crossing! üçÉ Flurry has 3D shimmery eyes and is glazed with UV resin for extra shine and protection ‚ú®

Approx. 2.4 cm

Comes attached to a lobster clasp üòä

Please note:
‚ô° Although polymer clay is durable, please handle my charms with care (they aren't unbreakable!)
‚ô° Avoid placing the charm where it will knock against other items

",N/A,$16.50,,1,3,,"animal crossing charms,Animal Crossing,polymer clay animal crossing,ACNH charms,animal crossing polymer clay,cute clay charms,kawaii planner accessories,kawaii clay charms,polymer clay charms,animal crossing flurry charm,ACNH flurry art,clay charms,kawaii",active,TRUE,,//d111vui60acwyt.cloudfront.net/product_photos/87341104/file_c17cc1b38e_original.jpg,//d3u67r7pp2lrq5.cloudfront.net/product_photos/87341107/file_90ce774035_original.jpg,//d111vui60acwyt.cloudfront.net/product_photos/87341113/file_4fa12866a1_original.jpg,//d1nr5wevwcuzuv.cloudfront.net/product_photos/87341116/file_5dd63e59b5_original.jpg,//dlp2gfjvaz867.cloudfront.net/product_photos/87341119/file_943bdd4aa7_original.jpg
31565794,139137343,Kirby Candy Moon charm,"Kirby sitting on a moon decorated with candy! üç≠

The star rod is made from UV resin, and the charm is also glazed with UV resin for extra shine and protection ‚ú®

Height: approx. 3.2 cm
Length: approx. 3 cm

You will receive your charm attached to a gold lobster clasp üòä

Please note:
‚ô° Although polymer clay is durable, please handle my charms with care (they aren't unbreakable!)
‚ô° Avoid placing the charm where it will knock against other items",N/A,$18.00,,1,1,,,active,TRUE,,//d111vui60acwyt.cloudfront.net/product_photos/87340564/file_6b648ae6f8_original.jpg,//dlp2gfjvaz867.cloudfront.net/product_photos/87341023/file_5e67345f51_original.jpg,//d310a9hpolx59w.cloudfront.net/product_photos/87341026/file_6f07ab3579_original.jpg,,
31565755,139136875,Shimmery Star Kirby - B GRADE,"Please note: B GRADE due to a minor resin imperfection, as seen in last photo (excess resin in between his feet).

A cute shimmery star Kirby charm! ‚≠ê

Glazed with UV resin for extra shine and protection ‚ú®

Approx. 2.6 cm

Comes attached to a lobster clasp üòä

Please note:
‚ô° Although polymer clay is durable, please handle my charms with care (they aren't unbreakable!)
‚ô° Avoid placing the charm where it will knock against other items",N/A,$16.50,,1,1,,,active,TRUE,,//d1nr5wevwcuzuv.cloudfront.net/product_photos/87340294/file_0652e18ec5_original.jpg,//d1nr5wevwcuzuv.cloudfront.net/product_photos/87340300/file_a38ef0aa4c_original.jpg,//dlp2gfjvaz867.cloudfront.net/product_photos/87340303/file_5fd1c26903_original.jpg,//dpegb9ebondhq.cloudfront.net/product_photos/87340312/file_18c0c94eed_original.jpg,//d111vui60acwyt.cloudfront.net/product_photos/87340318/file_d91daa7386_original.jpg
31565716,139135690,Kirby star charm,"Tiny Kirby riding a star charm! ‚≠ê

Glazed with UV resin for extra shine and protection ‚ú®

Approx. 1.5 cm

Comes attached to a lobster clasp üòä

Please note:
‚ô° Although polymer clay is durable, please handle my charms with care (they aren't unbreakable!)
‚ô° Avoid placing the charm where it will knock against other items",N/A,$5.00,,1,2,,,active,TRUE,,//dpegb9ebondhq.cloudfront.net/product_photos/87340063/file_2432dd5712_original.jpg,//d1nr5wevwcuzuv.cloudfront.net/product_photos/87340075/file_2329654f2a_original.jpg,//d310a9hpolx59w.cloudfront.net/product_photos/87340078/file_761e56b0f8_original.jpg,//d3u67r7pp2lrq5.cloudfront.net/product_photos/87340084/file_8d48779be5_original.jpg,//d111vui60acwyt.cloudfront.net/product_photos/87340087/file_d61ad831e3_original.jpg
31565698,139135459,Kirby charms - B GRADE,"*B GRADE due to resin imperfections!*

Kirby stealing a strawberry charm! üçì

Glazed with UV resin for extra shine and protection ‚ú®

You will receive your charm attached to a gold lobster clasp üòä

Approx. 2.4 cm

Please note:
‚ô° Although polymer clay is durable, please handle my charms with care (they aren't unbreakable!)
‚ô° Avoid placing the charm where it will knock against other items",N/A,$9.50,,2,3,,"kirby,Kirby figurine,polymer clay,kawaii polymer clay,cute polymer clay charms,clay charms,soft aesthetic,sanrio core,sanriocore,babycore,baby core,kirby jewellery,kirby charms,kirby charm,kirby necklace,Cute Kirby,kawaii keychains,polymer clay kirby",active,TRUE,,//d111vui60acwyt.cloudfront.net/product_photos/87339970/file_92f338cc25_original.jpg,//dpegb9ebondhq.cloudfront.net/product_photos/87339976/file_5234e71fb7_original.jpg,//d2a2wjuuf1c30f.cloudfront.net/product_photos/87339979/file_af53a23282_original.jpg,//dpegb9ebondhq.cloudfront.net/product_photos/87339985/file_171eb29276_original.jpg,//dzasv7x7a867v.cloudfront.net/product_photos/87339988/file_4883133195_original.jpg
31565668,139135138,Kirby Figurine,"A cute Kirby figurine stealing a strawberry! üçì

Glazed with UV resin for extra shine and protection ‚ú®

Approx. 3 cm tall

Please note:
‚ô° Although polymer clay is durable, please handle my charms with care (they aren't unbreakable!)
‚ô° Avoid placing the charm where it will knock against other items",N/A,$16.50,,1,2,,"kirby,Kirby figurine,polymer clay,kawaii polymer clay,cute polymer clay charms,clay charms,soft aesthetic,sanrio core,sanriocore,babycore,baby core,kirby jewellery,kirby charms,kirby charm,kirby necklace,Cute Kirby,kawaii keychains",active,TRUE,,//d310a9hpolx59w.cloudfront.net/product_photos/87339880/file_43f91aff55_original.jpg,//dlp2gfjvaz867.cloudfront.net/product_photos/87339877/file_c5bf9c495a_original.jpg,//d1nr5wevwcuzuv.cloudfront.net/product_photos/87339883/file_28fdccd45a_original.jpg,//dpegb9ebondhq.cloudfront.net/product_photos/87339886/file_053e13715d_original.jpg,//d3u67r7pp2lrq5.cloudfront.net/product_photos/87339889/file_e9857bb6c4_original.jpg
,,,,,,,,,,,,,,,,,,
,,,,,,,,,,,,,,,,,,
,,,,,,,,,,,,,,,,,,
,,,,,,,,,,,,,,,,,,
,,,,,,,,,,,,,,,,,,
,,,,,,,,,,,,,,,,,,
,,,,,,,,,,,,,,,,,,
,,,,,,,,,,,,,,,,,,
,,,,,,,,,,,,,,,,,,
,,,,,,,,,,,,,,,,,,
,,,,,,,,,,,,,,,,,,
,,,,,,,,,,,,,,,,,,
,,,,,,,,,,,,,,,,,,
,,,,,,,,,,,,,,,,,,
,,,,,,,,,,,,,,,,,,
,,,,,,,,,,,,,,,,,,
,,,,,,,,,,,,,,,,,,
,,,,,,,,,,,,,,,,,,
,,,,,,,,,,,,,,,,,,
,,,,,,,,,,,,,,,,,,
,,,,,,,,,,,,,,,,,,
,,,,,,,,,,,,,,,,,,
,,,,,,,,,,,,,,,,,,
,,,,,,,,,,,,,,,,,,
,,,,,,,,,,,,,,,,,,
,,,,,,,,,,,,,,,,,,
,,,,,,,,,,,,,,,,,,
,,,,,,,,,,,,,,,,,,
,,,,,,,,,,,,,,,,,,
,,,,,,,,,,,,,,,,,,
,,,,,,,,,,,,,,,,,,
,,,,,,,,,,,,,,,,,,
,,,,,,,,,,,,,,,,,,
,,,,,,,,,,,,,,,,,,
,,,,,,,,,,,,,,,,,,
,,,,,,,,,,,,,,,,,,
